{
  "$schema": "./node_modules/@angular/cli/lib/config/schema.json",
  "project": {
    "name": "angular-admin-lte"
  },
  "apps": [
    {
      "root": "src",
      "outDir": "dist",
      "assets": [
        "assets",
        "favicon.ico"
      ],
      "index": "index.html",
      "main": "main.ts",
      "polyfills": "polyfills.ts",
      "test": "test.ts",
      "tsconfig": "tsconfig.app.json",
      "testTsconfig": "tsconfig.spec.json",
      "prefix": "app",
      "styles": [
        "styles.css",
        "../node_modules/bootstrap/dist/css/bootstrap.css",
        "../node_modules/font-awesome/css/font-awesome.css",
        "../node_modules/ionicons/dist/css/ionicons.css",
        "_variables.less",
        "../node_modules/icheck/skins/flat/blue.css",
        "../node_modules/morris.js/morris.css",
        "../node_modules/bootstrap-datepicker/dist/css/bootstrap-datepicker3.css",
        "../node_modules/admin-lte/plugins/daterangepicker/daterangepicker.css",
        "../node_modules/bootstrap3-wysihtml5-bower/dist/bootstrap3-wysihtml5.css"
      ],
      "scripts": [
        "../node_modules/jquery/dist/jquery.js",
        "../node_modules/jqueryui/jquery-ui.js",
        "../node_modules/bootstrap/dist/js/bootstrap.js",
        "../node_modules/raphael/raphael.js",
        "../node_modules/morris.js/morris.js",
        "../node_modules/jquery-sparkline/jquery.sparkline.js",
        "../node_modules/jquery-knob/dist/jquery.knob.min.js",
        "../node_modules/moment/moment.js",
        "../node_modules/daterangepicker/daterangepicker.js",
        "../node_modules/bootstrap-datepicker/js/bootstrap-datepicker.js",
        "../node_modules/jquery-slimscroll/jquery.slimscroll.js",
        "../node_modules/bootstrap3-wysihtml5-bower/dist/bootstrap3-wysihtml5.all.js",
        "../node_modules/icheck/icheck.js",
        "../node_modules/admin-lte/dist/js/app.js",
        "assets/js/adminLTEOptions.js",
        "assets/js/scripts.js"
      ],
      "environmentSource": "environments/environment.ts",
      "environments": {
        "dev": "environments/environment.ts",
        "prod": "environments/environment.prod.ts"
      }
    }
  ],
  "e2e": {
    "protractor": {
      "config": "./protractor.conf.js"
    }
  },
  "lint": [
    {
      "project": "src/tsconfig.app.json"
    },
    {
      "project": "src/tsconfig.spec.json"
    },
    {
      "project": "e2e/tsconfig.e2e.json"
    }
  ],
  "test": {
    "karma": {
      "config": "./karma.conf.js"
    }
  },
  "defaults": {
    "styleExt": "css",
    "component": {}
  }
}
